tenor_yrs,cds_bps,model_par_bps,err_bps,abs_err_bps
1,90,90.49585473073567,0.49585473073567243,0.49585473073567243
3,130,128.70759162721794,-1.292408372782063,1.292408372782063
5,160,160.9240467614208,0.9240467614208114,0.9240467614208114
7,185,185.21310213573784,0.21310213573784154,0.21310213573784154
10,210,209.68033362126212,-0.3196663787378782,0.3196663787378782
